question,answer
What is 49 plus 97?,146
What is 53 plus 5?,58
What is 33 plus 65?,98
What is 62 plus 51?,113
What is 38 plus 61?,99
What is 45 plus 74?,119
What is 27 plus 64?,91
What is 17 plus 36?,53
What is 17 plus 96?,113
What is 12 plus 79?,91
What is 32 plus 68?,100
What is 90 plus 77?,167
What is 18 plus 39?,57
What is 12 plus 93?,105
What is 9 plus 87?,96
What is 42 plus 60?,102
What is 71 plus 12?,83
What is 45 plus 55?,100
What is 40 plus 78?,118
What is 81 plus 26?,107
What is 70 plus 61?,131
What is 56 plus 66?,122
What is 33 plus 7?,40
What is 70 plus 1?,71
What is 11 plus 92?,103
What is 51 plus 90?,141
What is 85 plus 80?,165
What is 0 plus 78?,78
What is 63 plus 42?,105
What is 31 plus 93?,124
What is 41 plus 90?,131
What is 8 plus 24?,32
What is 72 plus 28?,100
What is 30 plus 18?,48
What is 69 plus 57?,126
What is 11 plus 10?,21
What is 40 plus 65?,105
What is 62 plus 13?,75
What is 38 plus 70?,108
What is 37 plus 90?,127
What is 15 plus 70?,85
What is 42 plus 69?,111
What is 26 plus 77?,103
What is 70 plus 75?,145
What is 36 plus 56?,92
What is 11 plus 76?,87
What is 49 plus 40?,89
What is 73 plus 30?,103
What is 37 plus 23?,60
What is 24 plus 23?,47
What is 4 plus 78?,82
What is 84 plus 33?,117
What is 60 plus 8?,68
What is 11 plus 86?,97
What is 96 plus 16?,112
What is 19 plus 4?,23
What is 10 plus 89?,99
What is 69 plus 87?,156
What is 50 plus 90?,140
What is 67 plus 35?,102
What is 66 plus 30?,96
What is 27 plus 86?,113
What is 75 plus 53?,128
What is 74 plus 35?,109
What is 57 plus 63?,120
What is 84 plus 82?,166
What is 89 plus 45?,134
What is 10 plus 41?,51
What is 78 plus 14?,92
What is 62 plus 75?,137
What is 80 plus 42?,122
What is 24 plus 31?,55
What is 2 plus 93?,95
What is 34 plus 14?,48
What is 90 plus 28?,118
What is 47 plus 21?,68
What is 42 plus 54?,96
What is 7 plus 12?,19
What is 18 plus 89?,107
What is 28 plus 5?,33
What is 73 plus 81?,154
What is 68 plus 77?,145
What is 87 plus 9?,96
What is 3 plus 15?,18
What is 81 plus 24?,105
What is 77 plus 73?,150
What is 15 plus 50?,65
What is 11 plus 47?,58
What is 14 plus 4?,18
What is 77 plus 2?,79
What is 24 plus 23?,47
What is 91 plus 15?,106
What is 61 plus 26?,87
What is 93 plus 7?,100
What is 86 plus 2?,88
What is 69 plus 54?,123
What is 79 plus 12?,91
What is 33 plus 8?,41
What is 28 plus 9?,37
What is 82 plus 38?,120
What is 44 plus 55?,99
What is 23 plus 7?,30
What is 64 plus 59?,123
What is 5 plus 76?,81
What is 12 plus 89?,101
What is 50 plus 25?,75
What is 33 plus 45?,78
What is 93 plus 60?,153
What is 72 plus 21?,93
What is 89 plus 86?,175
What is 26 plus 98?,124
What is 7 plus 86?,93
What is 20 plus 20?,40
What is 43 plus 67?,110
What is 32 plus 15?,47
What is 76 plus 56?,132
What is 85 plus 22?,107
What is 1 plus 60?,61
What is 87 plus 52?,139
What is 72 plus 65?,137
What is 39 plus 83?,122
What is 45 plus 49?,94
What is 84 plus 32?,116
What is 19 plus 71?,90
What is 88 plus 1?,89
What is 58 plus 94?,152
What is 10 plus 42?,52
What is 94 plus 5?,99
What is 69 plus 35?,104
What is 17 plus 30?,47
What is 97 plus 61?,158
What is 45 plus 78?,123
What is 36 plus 86?,122
What is 45 plus 75?,120
What is 81 plus 79?,160
What is 16 plus 91?,107
What is 39 plus 49?,88
What is 95 plus 53?,148
What is 83 plus 10?,93
What is 0 plus 76?,76
What is 24 plus 89?,113
What is 42 plus 20?,62
What is 30 plus 28?,58
What is 81 plus 57?,138
What is 48 plus 90?,138
What is 86 plus 72?,158
What is 53 plus 4?,57
What is 51 plus 89?,140
What is 72 plus 53?,125
What is 98 plus 84?,182
What is 90 plus 5?,95
What is 21 plus 57?,78
What is 8 plus 33?,41
What is 89 plus 20?,109
What is 57 plus 67?,124
What is 62 plus 71?,133
What is 77 plus 96?,173
What is 0 plus 4?,4
What is 63 plus 41?,104
What is 39 plus 59?,98
What is 6 plus 53?,59
What is 24 plus 70?,94
What is 81 plus 10?,91
What is 92 plus 16?,108
What is 1 plus 51?,52
What is 86 plus 53?,139
What is 40 plus 0?,40
What is 27 plus 1?,28
What is 91 plus 96?,187
What is 0 plus 86?,86
What is 67 plus 78?,145
What is 12 plus 24?,36
What is 15 plus 77?,92
What is 83 plus 25?,108
What is 38 plus 35?,73
What is 88 plus 23?,111
What is 12 plus 60?,72
What is 50 plus 80?,130
What is 10 plus 2?,12
What is 35 plus 57?,92
What is 14 plus 32?,46
What is 17 plus 83?,100
What is 66 plus 83?,149
What is 82 plus 44?,126
What is 14 plus 19?,33
What is 35 plus 2?,37
What is 5 plus 5?,10
What is 26 plus 87?,113
What is 33 plus 71?,104
What is 40 plus 46?,86
What is 72 plus 5?,77
What is 95 plus 89?,184
What is 77 plus 83?,160
What is 63 plus 91?,154
What is 82 plus 58?,140
What is 81 plus 55?,136
What is 47 plus 68?,115
What is 22 plus 26?,48
What is 48 plus 75?,123
What is 37 plus 1?,38
What is 17 plus 19?,36
What is 34 plus 42?,76
What is 43 plus 47?,90
What is 91 plus 11?,102
What is 43 plus 99?,142
What is 79 plus 4?,83
What is 5 plus 34?,39
What is 20 plus 19?,39
What is 74 plus 37?,111
What is 46 plus 50?,96
What is 70 plus 16?,86
What is 37 plus 14?,51
What is 61 plus 93?,154
What is 30 plus 6?,36
What is 39 plus 22?,61
What is 66 plus 93?,159
What is 9 plus 38?,47
What is 51 plus 42?,93
What is 38 plus 53?,91
What is 13 plus 12?,25
What is 71 plus 61?,132
What is 60 plus 43?,103
What is 43 plus 15?,58
What is 61 plus 14?,75
What is 89 plus 63?,152
What is 54 plus 4?,58
What is 38 plus 42?,80
What is 94 plus 87?,181
What is 19 plus 21?,40
What is 80 plus 72?,152
What is 48 plus 81?,129
What is 11 plus 8?,19
What is 10 plus 25?,35
What is 95 plus 28?,123
What is 7 plus 49?,56
What is 1 plus 12?,13
What is 50 plus 71?,121
What is 66 plus 37?,103
What is 57 plus 62?,119
What is 74 plus 91?,165
What is 86 plus 27?,113
What is 54 plus 10?,64
What is 47 plus 28?,75
What is 33 plus 74?,107
What is 99 plus 21?,120
What is 55 plus 24?,79
What is 45 plus 14?,59
What is 8 plus 89?,97
What is 3 plus 67?,70
What is 57 plus 96?,153
What is 86 plus 25?,111
What is 15 plus 63?,78
What is 50 plus 32?,82
What is 26 plus 82?,108
What is 5 plus 27?,32
What is 79 plus 18?,97
What is 13 plus 25?,38
What is 58 plus 48?,106
What is 46 plus 69?,115
What is 19 plus 13?,32
What is 76 plus 62?,138
What is 18 plus 72?,90
What is 51 plus 81?,132
What is 87 plus 54?,141
What is 66 plus 63?,129
What is 86 plus 41?,127
What is 63 plus 63?,126
What is 81 plus 85?,166
What is 25 plus 69?,94
What is 78 plus 28?,106
What is 1 plus 43?,44
What is 90 plus 95?,185
What is 40 plus 41?,81
What is 4 plus 67?,71
What is 18 plus 32?,50
What is 77 plus 19?,96
What is 48 plus 74?,122
What is 37 plus 91?,128
What is 90 plus 60?,150
What is 8 plus 10?,18
What is 66 plus 5?,71
What is 8 plus 28?,36
What is 16 plus 5?,21
What is 38 plus 1?,39
What is 97 plus 57?,154
What is 42 plus 20?,62
What is 19 plus 83?,102
What is 58 plus 47?,105
What is 64 plus 48?,112
What is 67 plus 64?,131
What is 4 plus 73?,77
What is 11 plus 86?,97
What is 66 plus 97?,163
What is 76 plus 9?,85
What is 95 plus 54?,149
What is 96 plus 26?,122
What is 37 plus 68?,105
What is 76 plus 53?,129
What is 61 plus 49?,110
What is 77 plus 75?,152
What is 29 plus 2?,31
What is 84 plus 0?,84
What is 94 plus 23?,117
What is 38 plus 64?,102
What is 72 plus 32?,104
What is 42 plus 8?,50
What is 63 plus 33?,96
What is 38 plus 98?,136
What is 52 plus 49?,101
What is 49 plus 7?,56
What is 20 plus 82?,102
What is 16 plus 30?,46
What is 36 plus 93?,129
What is 42 plus 7?,49
What is 4 plus 61?,65
What is 53 plus 18?,71
What is 62 plus 77?,139
What is 91 plus 10?,101
What is 86 plus 89?,175
What is 19 plus 45?,64
What is 52 plus 4?,56
What is 78 plus 59?,137
What is 49 plus 58?,107
What is 6 plus 12?,18
What is 60 plus 99?,159
What is 19 plus 2?,21
What is 4 plus 76?,80
What is 79 plus 16?,95
What is 80 plus 41?,121
What is 13 plus 89?,102
What is 70 plus 83?,153
What is 44 plus 24?,68
What is 49 plus 99?,148
What is 99 plus 62?,161
What is 14 plus 7?,21
What is 78 plus 89?,167
What is 59 plus 78?,137
What is 80 plus 43?,123
What is 83 plus 15?,98
What is 87 plus 91?,178
What is 79 plus 37?,116
What is 16 plus 49?,65
What is 37 plus 95?,132
What is 87 plus 15?,102
What is 66 plus 24?,90
What is 4 plus 50?,54
What is 56 plus 47?,103
What is 96 plus 24?,120
What is 58 plus 45?,103
What is 80 plus 9?,89
What is 5 plus 5?,10
What is 62 plus 32?,94
What is 3 plus 66?,69
What is 85 plus 72?,157
What is 73 plus 27?,100
What is 29 plus 11?,40
What is 99 plus 80?,179
What is 99 plus 64?,163
What is 89 plus 67?,156
What is 53 plus 64?,117
What is 39 plus 14?,53
What is 18 plus 54?,72
What is 72 plus 54?,126
What is 10 plus 13?,23
What is 53 plus 8?,61
What is 12 plus 53?,65
What is 99 plus 19?,118
What is 93 plus 3?,96
What is 57 plus 55?,112
What is 87 plus 53?,140
What is 3 plus 63?,66
What is 41 plus 92?,133
What is 32 plus 10?,42
What is 45 plus 9?,54
What is 15 plus 45?,60
What is 88 plus 3?,91
What is 44 plus 44?,88
What is 22 plus 1?,23
What is 29 plus 46?,75
What is 9 plus 76?,85
What is 18 plus 26?,44
What is 0 plus 26?,26
What is 84 plus 86?,170
What is 93 plus 15?,108
What is 95 plus 0?,95
What is 37 plus 47?,84
What is 88 plus 3?,91
What is 77 plus 29?,106
What is 18 plus 23?,41
What is 58 plus 14?,72
What is 61 plus 44?,105
What is 90 plus 33?,123
What is 16 plus 3?,19
What is 26 plus 46?,72
What is 42 plus 60?,102
What is 37 plus 37?,74
What is 70 plus 81?,151
What is 41 plus 23?,64
What is 75 plus 10?,85
What is 13 plus 68?,81
What is 74 plus 39?,113
What is 20 plus 48?,68
What is 18 plus 16?,34
What is 28 plus 40?,68
What is 65 plus 31?,96
What is 30 plus 96?,126
What is 23 plus 37?,60
What is 47 plus 53?,100
What is 84 plus 5?,89
What is 16 plus 76?,92
What is 2 plus 50?,52
What is 9 plus 89?,98
What is 9 plus 16?,25
What is 53 plus 38?,91
What is 70 plus 53?,123
What is 94 plus 18?,112
What is 75 plus 54?,129
What is 38 plus 81?,119
What is 45 plus 10?,55
What is 31 plus 56?,87
What is 80 plus 47?,127
What is 81 plus 67?,148
What is 7 plus 48?,55
What is 52 plus 1?,53
What is 53 plus 93?,146
What is 41 plus 56?,97
What is 26 plus 47?,73
What is 37 plus 60?,97
What is 11 plus 23?,34
What is 13 plus 35?,48
What is 14 plus 71?,85
What is 77 plus 88?,165
What is 19 plus 89?,108
What is 57 plus 51?,108
What is 23 plus 98?,121
What is 53 plus 55?,108
What is 22 plus 31?,53
What is 58 plus 43?,101
What is 66 plus 18?,84
What is 45 plus 59?,104
What is 80 plus 81?,161
What is 11 plus 61?,72
What is 96 plus 26?,122
What is 37 plus 0?,37
What is 89 plus 57?,146
What is 79 plus 59?,138
What is 0 plus 27?,27
What is 38 plus 14?,52
What is 98 plus 80?,178
What is 38 plus 69?,107
What is 77 plus 19?,96
What is 54 plus 90?,144
What is 96 plus 60?,156
What is 11 plus 86?,97
What is 63 plus 97?,160
What is 29 plus 69?,98
What is 97 plus 51?,148
What is 35 plus 80?,115
What is 2 plus 15?,17
What is 34 plus 85?,119
What is 5 plus 0?,5
What is 32 plus 50?,82
What is 67 plus 74?,141
What is 90 plus 50?,140
What is 56 plus 13?,69
What is 95 plus 32?,127
What is 45 plus 36?,81
What is 96 plus 86?,182
What is 25 plus 76?,101
What is 10 plus 4?,14
What is 9 plus 33?,42
What is 39 plus 68?,107
What is 43 plus 15?,58
What is 67 plus 31?,98
What is 97 plus 20?,117
What is 8 plus 53?,61
What is 37 plus 36?,73
What is 66 plus 17?,83
What is 73 plus 66?,139
What is 80 plus 26?,106
What is 68 plus 13?,81
What is 52 plus 81?,133
What is 69 plus 51?,120
What is 94 plus 99?,193
What is 35 plus 37?,72
What is 56 plus 47?,103
What is 72 plus 80?,152
What is 17 plus 20?,37
What is 15 plus 89?,104
What is 15 plus 48?,63
What is 51 plus 75?,126
What is 59 plus 17?,76
What is 71 plus 85?,156
What is 38 plus 45?,83
What is 80 plus 60?,140
What is 95 plus 53?,148
What is 27 plus 61?,88
What is 62 plus 88?,150
What is 64 plus 40?,104
What is 63 plus 83?,146
What is 7 plus 56?,63
What is 38 plus 18?,56
What is 95 plus 63?,158
What is 6 plus 79?,85
What is 27 plus 3?,30
What is 45 plus 60?,105
What is 50 plus 1?,51
What is 67 plus 8?,75
What is 87 plus 10?,97
What is 87 plus 94?,181
What is 85 plus 50?,135
What is 0 plus 46?,46
What is 5 plus 14?,19
What is 79 plus 0?,79
What is 34 plus 81?,115
What is 89 plus 37?,126
What is 93 plus 29?,122
What is 18 plus 96?,114
What is 73 plus 36?,109
What is 24 plus 13?,37
What is 55 plus 58?,113
What is 91 plus 42?,133
What is 49 plus 21?,70
What is 42 plus 53?,95
What is 82 plus 87?,169
What is 55 plus 18?,73
What is 57 plus 90?,147
What is 18 plus 67?,85
What is 40 plus 16?,56
What is 26 plus 23?,49
What is 56 plus 44?,100
What is 49 plus 54?,103
What is 62 plus 49?,111
What is 93 plus 28?,121
What is 25 plus 56?,81
What is 26 plus 75?,101
What is 90 plus 6?,96
What is 49 plus 4?,53
What is 29 plus 81?,110
What is 10 plus 23?,33
What is 46 plus 7?,53
What is 95 plus 81?,176
What is 86 plus 22?,108
What is 29 plus 78?,107
What is 38 plus 78?,116
What is 11 plus 90?,101
What is 65 plus 96?,161
What is 36 plus 98?,134
What is 45 plus 52?,97
What is 58 plus 6?,64
What is 80 plus 89?,169
What is 66 plus 85?,151
What is 83 plus 70?,153
What is 94 plus 55?,149
What is 74 plus 58?,132
What is 62 plus 32?,94
What is 90 plus 60?,150
What is 27 plus 43?,70
What is 34 plus 5?,39
What is 5 plus 6?,11
What is 20 plus 44?,64
What is 0 plus 37?,37
What is 83 plus 0?,83
What is 17 plus 8?,25
What is 54 plus 87?,141
What is 28 plus 77?,105
What is 50 plus 71?,121
What is 28 plus 58?,86
What is 24 plus 43?,67
What is 77 plus 13?,90
What is 77 plus 10?,87
What is 40 plus 41?,81
What is 68 plus 58?,126
What is 41 plus 32?,73
What is 3 plus 66?,69
What is 5 plus 24?,29
What is 47 plus 10?,57
What is 26 plus 67?,93
What is 44 plus 24?,68
What is 25 plus 32?,57
What is 86 plus 93?,179
What is 94 plus 38?,132
What is 39 plus 66?,105
What is 49 plus 32?,81
What is 61 plus 44?,105
What is 91 plus 30?,121
What is 5 plus 39?,44
What is 70 plus 9?,79
What is 1 plus 58?,59
What is 63 plus 92?,155
What is 56 plus 6?,62
What is 52 plus 63?,115
What is 58 plus 56?,114
What is 15 plus 10?,25
What is 10 plus 30?,40
What is 12 plus 97?,109
What is 19 plus 52?,71
What is 27 plus 56?,83
What is 78 plus 9?,87
What is 54 plus 71?,125
What is 96 plus 50?,146
What is 5 plus 23?,28
What is 31 plus 62?,93
What is 28 plus 16?,44
What is 35 plus 45?,80
What is 40 plus 55?,95
What is 13 plus 71?,84
What is 36 plus 78?,114
What is 69 plus 25?,94
What is 91 plus 37?,128
What is 99 plus 56?,155
What is 65 plus 77?,142
What is 59 plus 68?,127
What is 81 plus 33?,114
What is 34 plus 29?,63
What is 2 plus 15?,17
What is 78 plus 91?,169
What is 12 plus 22?,34
What is 93 plus 53?,146
What is 31 plus 27?,58
What is 36 plus 94?,130
What is 84 plus 0?,84
What is 94 plus 68?,162
What is 65 plus 54?,119
What is 6 plus 15?,21
What is 49 plus 82?,131
What is 34 plus 15?,49
What is 94 plus 72?,166
What is 45 plus 29?,74
What is 86 plus 91?,177
What is 90 plus 69?,159
What is 84 plus 36?,120
What is 28 plus 94?,122
What is 30 plus 8?,38
What is 66 plus 39?,105
What is 86 plus 41?,127
What is 29 plus 47?,76
What is 80 plus 61?,141
What is 36 plus 74?,110
What is 21 plus 17?,38
What is 1 plus 70?,71
What is 64 plus 41?,105
What is 46 plus 74?,120
What is 81 plus 3?,84
What is 16 plus 50?,66
What is 19 plus 22?,41
What is 65 plus 9?,74
What is 17 plus 97?,114
What is 26 plus 99?,125
What is 63 plus 72?,135
What is 98 plus 89?,187
What is 27 plus 30?,57
What is 93 plus 16?,109
What is 29 plus 97?,126
What is 49 plus 45?,94
What is 77 plus 75?,152
What is 16 plus 80?,96
What is 63 plus 13?,76
What is 78 plus 3?,81
What is 67 plus 76?,143
What is 45 plus 62?,107
What is 58 plus 39?,97
What is 1 plus 28?,29
What is 71 plus 83?,154
What is 20 plus 84?,104
What is 63 plus 94?,157
What is 61 plus 69?,130
What is 40 plus 90?,130
What is 10 plus 33?,43
What is 17 plus 77?,94
What is 51 plus 90?,141
What is 24 plus 40?,64
What is 37 plus 49?,86
What is 7 plus 26?,33
What is 4 plus 40?,44
What is 92 plus 95?,187
What is 31 plus 43?,74
What is 56 plus 85?,141
What is 92 plus 84?,176
What is 84 plus 28?,112
What is 33 plus 44?,77
What is 85 plus 20?,105
What is 39 plus 2?,41
What is 45 plus 73?,118
What is 69 plus 7?,76
What is 93 plus 80?,173
What is 19 plus 45?,64
What is 2 plus 62?,64
What is 80 plus 7?,87
What is 3 plus 30?,33
What is 5 plus 1?,6
What is 28 plus 83?,111
What is 41 plus 8?,49
What is 7 plus 44?,51
What is 84 plus 54?,138
What is 17 plus 27?,44
What is 57 plus 55?,112
What is 18 plus 45?,63
What is 39 plus 22?,61
What is 83 plus 42?,125
What is 93 plus 95?,188
What is 52 plus 48?,100
What is 1 plus 52?,53
What is 33 plus 68?,101
What is 68 plus 94?,162
What is 87 plus 90?,177
What is 59 plus 97?,156
What is 5 plus 72?,77
What is 15 plus 52?,67
What is 49 plus 21?,70
What is 0 plus 64?,64
What is 17 plus 79?,96
What is 84 plus 65?,149
What is 93 plus 89?,182
What is 18 plus 10?,28
What is 42 plus 30?,72
What is 22 plus 31?,53
What is 2 plus 21?,23
What is 95 plus 87?,182
What is 71 plus 21?,92
What is 91 plus 10?,101
What is 54 plus 76?,130
What is 13 plus 79?,92
What is 80 plus 58?,138
What is 90 plus 19?,109
What is 78 plus 77?,155
What is 5 plus 32?,37
What is 43 plus 94?,137
What is 93 plus 48?,141
What is 3 plus 80?,83
What is 4 plus 63?,67
What is 11 plus 45?,56
What is 37 plus 85?,122
What is 19 plus 58?,77
What is 30 plus 64?,94
What is 45 plus 20?,65
What is 94 plus 96?,190
What is 51 plus 43?,94
What is 34 plus 63?,97
What is 50 plus 1?,51
What is 39 plus 67?,106
What is 36 plus 70?,106
What is 60 plus 4?,64
What is 98 plus 68?,166
What is 73 plus 70?,143
What is 33 plus 87?,120
What is 4 plus 58?,62
What is 50 plus 92?,142
What is 15 plus 51?,66
What is 44 plus 63?,107
What is 6 plus 2?,8
What is 34 plus 94?,128
What is 4 plus 32?,36
What is 87 plus 87?,174
What is 74 plus 89?,163
What is 99 plus 37?,136
What is 87 plus 97?,184
What is 26 plus 97?,123
What is 67 plus 66?,133
What is 43 plus 49?,92
What is 32 plus 26?,58
What is 14 plus 72?,86
What is 42 plus 31?,73
What is 75 plus 86?,161
What is 92 plus 68?,160
What is 87 plus 45?,132
What is 20 plus 19?,39
What is 42 plus 95?,137
What is 1 plus 74?,75
What is 6 plus 72?,78
What is 19 plus 44?,63
What is 46 plus 37?,83
What is 80 plus 37?,117
What is 41 plus 63?,104
What is 51 plus 76?,127
What is 55 plus 21?,76
What is 0 plus 18?,18
What is 72 plus 5?,77
What is 56 plus 16?,72
What is 43 plus 1?,44
What is 92 plus 61?,153
What is 85 plus 84?,169
What is 99 plus 32?,131
What is 95 plus 78?,173
What is 24 plus 8?,32
What is 70 plus 54?,124
What is 35 plus 22?,57
What is 67 plus 21?,88
What is 8 plus 84?,92
What is 81 plus 20?,101
What is 74 plus 14?,88
What is 64 plus 80?,144
What is 69 plus 77?,146
What is 49 plus 96?,145
What is 55 plus 34?,89
What is 39 plus 36?,75
What is 1 plus 54?,55
What is 99 plus 91?,190
What is 35 plus 33?,68
What is 68 plus 67?,135
What is 70 plus 40?,110
What is 43 plus 24?,67
What is 90 plus 55?,145
What is 18 plus 0?,18
What is 96 plus 65?,161
What is 19 plus 84?,103
What is 89 plus 72?,161
What is 49 plus 46?,95
What is 59 plus 4?,63
What is 71 plus 52?,123
What is 81 plus 78?,159
What is 97 plus 29?,126
What is 2 plus 46?,48
What is 67 plus 20?,87
What is 87 plus 24?,111
What is 80 plus 45?,125
What is 80 plus 89?,169
What is 63 plus 2?,65
What is 93 plus 94?,187
What is 31 plus 73?,104
What is 30 plus 35?,65
What is 23 plus 97?,120
What is 53 plus 9?,62
What is 73 plus 57?,130
What is 30 plus 95?,125
What is 91 plus 57?,148
What is 65 plus 90?,155
What is 12 plus 24?,36
What is 21 plus 56?,77
What is 8 plus 54?,62
What is 81 plus 50?,131
What is 34 plus 32?,66
What is 55 plus 96?,151
What is 99 plus 45?,144
What is 78 plus 41?,119
What is 11 plus 39?,50
What is 3 plus 63?,66
What is 1 plus 97?,98
What is 32 plus 25?,57
What is 97 plus 50?,147
What is 49 plus 55?,104
What is 99 plus 81?,180
What is 80 plus 86?,166
What is 49 plus 89?,138
What is 4 plus 74?,78
What is 59 plus 45?,104
What is 72 plus 16?,88
What is 72 plus 90?,162
What is 35 plus 41?,76
What is 3 plus 50?,53
What is 60 plus 66?,126
What is 17 plus 5?,22
What is 10 plus 72?,82
What is 44 plus 46?,90
What is 0 plus 8?,8
What is 24 plus 91?,115
What is 14 plus 85?,99
What is 69 plus 60?,129
What is 5 plus 40?,45
What is 3 plus 40?,43
What is 50 plus 16?,66
What is 97 plus 81?,178
What is 35 plus 52?,87
What is 85 plus 18?,103
What is 76 plus 18?,94
What is 51 plus 39?,90
What is 65 plus 7?,72
What is 20 plus 16?,36
What is 17 plus 61?,78
What is 90 plus 82?,172
What is 91 plus 97?,188
What is 92 plus 5?,97
What is 93 plus 66?,159
What is 5 plus 71?,76
What is 88 plus 95?,183
What is 89 plus 80?,169
What is 49 plus 23?,72
What is 44 plus 74?,118
What is 10 plus 10?,20
What is 71 plus 22?,93
What is 33 plus 25?,58
What is 33 plus 41?,74
What is 89 plus 90?,179
What is 32 plus 33?,65
What is 66 plus 58?,124
What is 19 plus 96?,115
What is 57 plus 70?,127
What is 19 plus 4?,23
What is 80 plus 74?,154
What is 22 plus 82?,104
What is 65 plus 4?,69
What is 96 plus 40?,136
What is 9 plus 24?,33
What is 82 plus 58?,140
What is 78 plus 30?,108
What is 58 plus 66?,124
What is 20 plus 90?,110
What is 42 plus 83?,125
What is 17 plus 60?,77
What is 98 plus 71?,169
What is 7 plus 69?,76
What is 10 plus 66?,76
What is 43 plus 0?,43
What is 99 plus 10?,109
What is 13 plus 54?,67
What is 77 plus 45?,122
What is 72 plus 57?,129
What is 42 plus 48?,90
What is 65 plus 46?,111
What is 81 plus 15?,96
What is 17 plus 40?,57
What is 2 plus 23?,25
What is 93 plus 16?,109
What is 2 plus 43?,45
What is 77 plus 24?,101
What is 5 plus 52?,57
What is 82 plus 7?,89
What is 89 plus 39?,128
What is 49 plus 6?,55
What is 76 plus 98?,174
What is 91 plus 21?,112
What is 45 plus 9?,54
What is 52 plus 6?,58
What is 56 plus 45?,101
What is 77 plus 79?,156
What is 96 plus 32?,128
What is 86 plus 39?,125
What is 72 plus 58?,130
What is 52 plus 23?,75
What is 3 plus 58?,61
What is 33 plus 24?,57
What is 49 plus 8?,57
What is 45 plus 12?,57
What is 15 plus 3?,18
What is 44 plus 2?,46
What is 22 plus 51?,73
What is 78 plus 88?,166
What is 83 plus 1?,84
What is 41 plus 58?,99
What is 70 plus 95?,165
What is 88 plus 63?,151
What is 60 plus 10?,70
What is 6 plus 68?,74
What is 51 plus 33?,84
What is 3 plus 82?,85
What is 66 plus 12?,78
What is 10 plus 42?,52
What is 45 plus 12?,57
What is 60 plus 4?,64
What is 19 plus 66?,85
What is 80 plus 36?,116
What is 4 plus 0?,4
What is 48 plus 43?,91
What is 20 plus 70?,90
What is 89 plus 18?,107
What is 20 plus 22?,42
What is 99 plus 20?,119
What is 81 plus 87?,168
What is 31 plus 79?,110
What is 42 plus 3?,45
What is 61 plus 80?,141
What is 86 plus 50?,136
What is 5 plus 28?,33
What is 30 plus 81?,111
What is 36 plus 42?,78
What is 21 plus 30?,51
What is 45 plus 28?,73
What is 20 plus 53?,73
What is 59 plus 46?,105
What is 72 plus 17?,89
What is 49 plus 72?,121
What is 98 plus 1?,99
What is 20 plus 74?,94
What is 0 plus 87?,87
What is 49 plus 91?,140
What is 22 plus 19?,41
What is 2 plus 3?,5
What is 41 plus 65?,106
What is 0 plus 4?,4
What is 6 plus 99?,105
What is 14 plus 73?,87
What is 78 plus 18?,96
What is 99 plus 19?,118
What is 86 plus 48?,134
What is 3 plus 53?,56
What is 55 plus 72?,127
What is 87 plus 42?,129
What is 91 plus 31?,122
What is 17 plus 46?,63
What is 65 plus 27?,92
What is 68 plus 51?,119
What is 9 plus 16?,25
What is 52 plus 72?,124
What is 84 plus 44?,128
What is 12 plus 55?,67
What is 55 plus 31?,86
What is 60 plus 48?,108
What is 28 plus 50?,78
What is 30 plus 82?,112
What is 61 plus 50?,111
What is 74 plus 8?,82
What is 32 plus 35?,67
What is 67 plus 47?,114
What is 69 plus 2?,71
What is 77 plus 78?,155
What is 99 plus 60?,159
What is 30 plus 35?,65
What is 5 plus 78?,83
What is 41 plus 50?,91
What is 80 plus 13?,93
What is 68 plus 6?,74
What is 18 plus 91?,109
What is 50 plus 3?,53
What is 98 plus 53?,151
What is 93 plus 50?,143
What is 55 plus 13?,68
What is 91 plus 58?,149
What is 77 plus 59?,136
What is 20 plus 21?,41
What is 43 plus 60?,103
What is 52 plus 20?,72
What is 75 plus 36?,111
What is 97 plus 64?,161
What is 14 plus 47?,61
What is 44 plus 18?,62
What is 80 plus 45?,125
What is 98 plus 60?,158
What is 80 plus 66?,146
What is 96 plus 6?,102
What is 25 plus 32?,57
What is 22 plus 92?,114
What is 74 plus 41?,115
What is 37 plus 48?,85
What is 81 plus 5?,86
What is 37 plus 70?,107
What is 55 plus 4?,59
What is 87 plus 52?,139
What is 34 plus 48?,82
What is 93 plus 26?,119
What is 44 plus 17?,61
What is 16 plus 14?,30
What is 78 plus 45?,123
What is 21 plus 3?,24
What is 55 plus 73?,128
What is 50 plus 59?,109
What is 9 plus 82?,91
What is 90 plus 90?,180
What is 87 plus 9?,96
What is 99 plus 54?,153
What is 69 plus 92?,161
What is 70 plus 17?,87
What is 21 plus 19?,40
What is 26 plus 21?,47
What is 29 plus 3?,32
What is 67 plus 17?,84
What is 63 plus 45?,108
What is 79 plus 94?,173
What is 36 plus 91?,127
What is 42 plus 87?,129
What is 15 plus 52?,67
What is 98 plus 33?,131
What is 20 plus 43?,63
What is 80 plus 64?,144
What is 42 plus 68?,110
What is 88 plus 18?,106
What is 48 plus 94?,142
What is 95 plus 71?,166
What is 39 plus 30?,69
What is 48 plus 44?,92
What is 49 plus 60?,109
What is 65 plus 39?,104
What is 52 plus 52?,104
What is 12 plus 87?,99
What is 19 plus 18?,37
What is 0 plus 74?,74
What is 76 plus 81?,157
What is 90 plus 66?,156
What is 13 plus 89?,102
What is 99 plus 82?,181
What is 89 plus 26?,115
What is 76 plus 82?,158
What is 77 plus 65?,142
What is 14 plus 34?,48
What is 88 plus 93?,181
What is 78 plus 21?,99
What is 48 plus 10?,58
What is 4 plus 1?,5
What is 14 plus 46?,60
What is 92 plus 61?,153
What is 40 plus 13?,53
What is 86 plus 57?,143
What is 47 plus 74?,121
What is 89 plus 32?,121
What is 85 plus 62?,147
What is 99 plus 29?,128
What is 20 plus 71?,91
What is 70 plus 9?,79
What is 99 plus 65?,164
What is 21 plus 3?,24
What is 82 plus 21?,103
What is 66 plus 52?,118
What is 77 plus 84?,161
What is 26 plus 56?,82
What is 90 plus 87?,177
What is 51 plus 33?,84
What is 2 plus 75?,77
What is 17 plus 49?,66
What is 21 plus 56?,77
What is 72 plus 6?,78
What is 48 plus 11?,59
What is 82 plus 75?,157
What is 51 plus 42?,93
What is 29 plus 64?,93
What is 58 plus 5?,63
What is 61 plus 79?,140
What is 13 plus 34?,47
What is 64 plus 62?,126
What is 70 plus 82?,152
What is 50 plus 60?,110
What is 33 plus 23?,56
What is 29 plus 69?,98
What is 46 plus 20?,66
What is 38 plus 77?,115
What is 18 plus 58?,76
What is 8 plus 8?,16
What is 61 plus 50?,111
What is 72 plus 52?,124
What is 71 plus 11?,82
What is 33 plus 61?,94
What is 29 plus 14?,43
What is 37 plus 18?,55
What is 46 plus 12?,58
What is 17 plus 84?,101
What is 7 plus 85?,92
What is 17 plus 75?,92
What is 71 plus 25?,96
What is 0 plus 4?,4
What is 51 plus 71?,122
What is 89 plus 96?,185
What is 77 plus 62?,139
What is 91 plus 88?,179
What is 13 plus 60?,73
What is 71 plus 44?,115
What is 99 plus 43?,142
What is 12 plus 87?,99
What is 0 plus 30?,30
What is 29 plus 63?,92
What is 39 plus 35?,74
What is 28 plus 1?,29
What is 63 plus 45?,108
What is 65 plus 43?,108
What is 11 plus 9?,20
What is 39 plus 73?,112
What is 54 plus 28?,82
What is 94 plus 47?,141
What is 48 plus 97?,145
What is 18 plus 29?,47
What is 36 plus 25?,61
What is 95 plus 99?,194
What is 61 plus 84?,145
What is 45 plus 36?,81
What is 49 plus 78?,127
What is 16 plus 99?,115
What is 15 plus 51?,66
What is 45 plus 64?,109
What is 60 plus 29?,89
What is 83 plus 90?,173
What is 47 plus 80?,127
What is 45 plus 55?,100
What is 35 plus 45?,80
What is 51 plus 98?,149
What is 98 plus 91?,189
What is 36 plus 13?,49
What is 61 plus 37?,98
What is 15 plus 57?,72
What is 19 plus 44?,63
What is 31 plus 95?,126
What is 23 plus 43?,66
What is 63 plus 29?,92
What is 14 plus 87?,101
What is 49 plus 49?,98
What is 59 plus 65?,124
What is 59 plus 72?,131
What is 79 plus 28?,107
What is 86 plus 51?,137
What is 64 plus 39?,103
What is 62 plus 29?,91
What is 40 plus 66?,106
What is 87 plus 0?,87
What is 11 plus 60?,71
What is 40 plus 50?,90
What is 29 plus 55?,84
What is 6 plus 73?,79
What is 98 plus 5?,103
What is 52 plus 11?,63
What is 33 plus 25?,58
What is 92 plus 41?,133
What is 22 plus 14?,36
What is 23 plus 89?,112
What is 46 plus 3?,49
What is 29 plus 5?,34
What is 1 plus 48?,49
What is 68 plus 0?,68
What is 16 plus 14?,30
What is 77 plus 77?,154
What is 25 plus 10?,35
What is 94 plus 59?,153
What is 25 plus 0?,25
What is 66 plus 79?,145
What is 53 plus 8?,61
What is 68 plus 22?,90
What is 29 plus 29?,58
What is 53 plus 48?,101
What is 60 plus 0?,60
What is 55 plus 26?,81
What is 48 plus 97?,145
What is 5 plus 78?,83
What is 34 plus 3?,37
What is 74 plus 44?,118
What is 90 plus 47?,137
What is 43 plus 86?,129
What is 58 plus 82?,140
What is 17 plus 76?,93
What is 66 plus 11?,77
What is 32 plus 13?,45
What is 91 plus 13?,104
What is 34 plus 3?,37
What is 88 plus 18?,106
What is 79 plus 98?,177
What is 84 plus 17?,101
What is 48 plus 26?,74
What is 73 plus 84?,157
What is 40 plus 25?,65
What is 53 plus 65?,118
What is 64 plus 15?,79
What is 71 plus 13?,84
What is 88 plus 60?,148
What is 15 plus 65?,80
What is 57 plus 60?,117
What is 22 plus 58?,80
What is 70 plus 43?,113
What is 16 plus 53?,69
What is 32 plus 48?,80
What is 10 plus 72?,82
What is 64 plus 42?,106
What is 29 plus 58?,87
What is 31 plus 44?,75
What is 61 plus 99?,160
What is 52 plus 3?,55
What is 57 plus 92?,149
What is 0 plus 70?,70
What is 51 plus 97?,148
What is 99 plus 57?,156
What is 28 plus 54?,82
What is 30 plus 32?,62
What is 61 plus 60?,121
What is 18 plus 29?,47
What is 56 plus 36?,92
What is 46 plus 83?,129
What is 62 plus 76?,138
What is 19 plus 66?,85
What is 87 plus 11?,98
What is 24 plus 38?,62
What is 66 plus 80?,146
What is 86 plus 15?,101
What is 7 plus 19?,26
What is 43 plus 4?,47
What is 42 plus 79?,121
What is 20 plus 98?,118
What is 59 plus 49?,108
What is 86 plus 24?,110
What is 52 plus 63?,115
What is 24 plus 21?,45
What is 50 plus 6?,56
What is 98 plus 43?,141
What is 97 plus 87?,184
What is 66 plus 24?,90
What is 92 plus 41?,133
What is 23 plus 66?,89
What is 69 plus 91?,160
What is 76 plus 74?,150
What is 55 plus 19?,74
What is 81 plus 88?,169
What is 79 plus 63?,142
What is 84 plus 73?,157
What is 27 plus 76?,103
What is 56 plus 4?,60
What is 31 plus 62?,93
What is 77 plus 40?,117
What is 71 plus 93?,164
What is 25 plus 0?,25
What is 5 plus 7?,12
What is 17 plus 31?,48
What is 56 plus 86?,142
What is 78 plus 28?,106
What is 84 plus 87?,171
What is 13 plus 96?,109
What is 66 plus 54?,120
What is 82 plus 81?,163
What is 36 plus 87?,123
What is 43 plus 63?,106
What is 87 plus 24?,111
What is 20 plus 47?,67
What is 71 plus 45?,116
What is 91 plus 56?,147
What is 50 plus 56?,106
What is 84 plus 40?,124
What is 59 plus 8?,67
What is 18 plus 28?,46
What is 96 plus 14?,110
What is 96 plus 19?,115
What is 50 plus 59?,109
What is 90 plus 69?,159
What is 26 plus 47?,73
What is 90 plus 5?,95
What is 2 plus 51?,53
What is 26 plus 11?,37
What is 52 plus 74?,126
What is 72 plus 52?,124
What is 69 plus 26?,95
What is 81 plus 0?,81
What is 85 plus 17?,102
What is 67 plus 82?,149
What is 62 plus 39?,101
What is 48 plus 69?,117
What is 68 plus 8?,76
What is 10 plus 77?,87
What is 93 plus 63?,156
What is 96 plus 1?,97
What is 26 plus 53?,79
What is 78 plus 96?,174
What is 46 plus 39?,85
What is 10 plus 95?,105
What is 2 plus 98?,100
What is 30 plus 78?,108
What is 3 plus 75?,78
What is 65 plus 47?,112
What is 19 plus 59?,78
What is 33 plus 14?,47
What is 75 plus 57?,132
What is 35 plus 28?,63
What is 48 plus 49?,97
What is 95 plus 64?,159
What is 43 plus 29?,72
What is 75 plus 33?,108
What is 11 plus 5?,16
What is 19 plus 40?,59
What is 80 plus 74?,154
What is 72 plus 62?,134
What is 8 plus 67?,75
What is 61 plus 55?,116
What is 40 plus 49?,89
What is 93 plus 3?,96
What is 14 plus 55?,69
What is 77 plus 85?,162
What is 17 plus 97?,114
What is 18 plus 3?,21
What is 15 plus 90?,105
What is 55 plus 31?,86
What is 4 plus 80?,84
What is 34 plus 33?,67
What is 49 plus 14?,63
What is 44 plus 37?,81
What is 47 plus 78?,125
What is 81 plus 24?,105
What is 95 plus 69?,164
What is 69 plus 7?,76
What is 43 plus 65?,108
What is 70 plus 1?,71
What is 20 plus 63?,83
What is 2 plus 81?,83
What is 33 plus 42?,75
What is 17 plus 44?,61
What is 12 plus 78?,90
What is 71 plus 53?,124
What is 97 plus 8?,105
What is 32 plus 73?,105
What is 13 plus 66?,79
What is 9 plus 75?,84
What is 16 plus 62?,78
What is 4 plus 66?,70
What is 28 plus 44?,72
What is 12 plus 71?,83
What is 90 plus 27?,117
What is 22 plus 88?,110
What is 84 plus 29?,113
What is 51 plus 25?,76
What is 77 plus 89?,166
What is 95 plus 56?,151
What is 44 plus 20?,64
What is 34 plus 92?,126
What is 44 plus 70?,114
What is 25 plus 27?,52
What is 59 plus 40?,99
What is 16 plus 35?,51
What is 71 plus 85?,156
What is 99 plus 98?,197
What is 0 plus 10?,10
What is 84 plus 41?,125
What is 39 plus 90?,129
What is 41 plus 4?,45
What is 10 plus 78?,88
What is 1 plus 37?,38
What is 14 plus 21?,35
What is 91 plus 35?,126
What is 25 plus 65?,90
What is 70 plus 44?,114
What is 57 plus 11?,68
What is 53 plus 64?,117
What is 68 plus 52?,120
What is 15 plus 10?,25
What is 75 plus 59?,134
What is 41 plus 22?,63
What is 37 plus 30?,67
What is 80 plus 55?,135
What is 86 plus 89?,175
What is 36 plus 4?,40
What is 2 plus 1?,3
What is 81 plus 34?,115
What is 9 plus 84?,93
What is 40 plus 40?,80
What is 70 plus 83?,153
What is 36 plus 6?,42
What is 90 plus 31?,121
What is 88 plus 66?,154
What is 17 plus 33?,50
What is 76 plus 7?,83
What is 49 plus 53?,102
What is 35 plus 74?,109
What is 28 plus 32?,60
What is 40 plus 68?,108
What is 62 plus 57?,119
What is 90 plus 15?,105
What is 54 plus 47?,101
What is 21 plus 66?,87
What is 6 plus 29?,35
What is 90 plus 61?,151
What is 49 plus 3?,52
What is 30 plus 10?,40
What is 39 plus 12?,51
What is 23 plus 16?,39
What is 56 plus 1?,57
What is 96 plus 46?,142
What is 67 plus 52?,119
What is 15 plus 67?,82
What is 31 plus 63?,94
What is 36 plus 34?,70
What is 51 plus 55?,106
What is 60 plus 89?,149
What is 7 plus 21?,28
What is 90 plus 67?,157
What is 45 plus 25?,70
What is 31 plus 19?,50
What is 28 plus 38?,66
What is 18 plus 23?,41
What is 70 plus 32?,102
What is 69 plus 3?,72
What is 23 plus 29?,52
What is 92 plus 53?,145
What is 90 plus 20?,110
What is 31 plus 97?,128
What is 71 plus 16?,87
What is 74 plus 87?,161
What is 21 plus 95?,116
What is 31 plus 67?,98
What is 99 plus 38?,137
What is 90 plus 94?,184
What is 2 plus 92?,94
What is 58 plus 25?,83
What is 7 plus 52?,59
What is 21 plus 48?,69
What is 64 plus 49?,113
What is 27 plus 49?,76
What is 68 plus 67?,135
What is 63 plus 13?,76
What is 16 plus 11?,27
What is 68 plus 1?,69
What is 10 plus 1?,11
What is 95 plus 31?,126
What is 95 plus 50?,145
What is 57 plus 86?,143
What is 35 plus 52?,87
What is 44 plus 84?,128
What is 50 plus 33?,83
What is 92 plus 9?,101
What is 97 plus 20?,117
What is 75 plus 31?,106
What is 94 plus 26?,120
What is 5 plus 97?,102
What is 6 plus 65?,71
What is 8 plus 88?,96
What is 57 plus 31?,88
What is 57 plus 90?,147
What is 99 plus 97?,196
What is 84 plus 17?,101
What is 76 plus 80?,156
What is 65 plus 37?,102
What is 1 plus 76?,77
What is 18 plus 44?,62
What is 85 plus 45?,130
What is 46 plus 38?,84
What is 64 plus 82?,146
What is 88 plus 32?,120
What is 17 plus 2?,19
What is 61 plus 93?,154
What is 25 plus 77?,102
What is 50 plus 43?,93
What is 60 plus 38?,98
What is 56 plus 17?,73
What is 60 plus 37?,97
What is 89 plus 42?,131
What is 44 plus 81?,125
What is 77 plus 48?,125
What is 50 plus 74?,124
What is 51 plus 89?,140
What is 64 plus 38?,102
What is 86 plus 96?,182
What is 72 plus 30?,102
What is 24 plus 55?,79
What is 27 plus 33?,60
What is 65 plus 21?,86
What is 65 plus 17?,82
What is 76 plus 66?,142
What is 96 plus 68?,164
What is 99 plus 64?,163
What is 82 plus 60?,142
What is 43 plus 33?,76
What is 55 plus 38?,93
What is 58 plus 83?,141
What is 67 plus 6?,73
What is 93 plus 24?,117
What is 32 plus 58?,90
What is 88 plus 8?,96
What is 2 plus 25?,27
What is 76 plus 13?,89
What is 32 plus 0?,32
What is 27 plus 23?,50
What is 79 plus 22?,101
What is 84 plus 46?,130
What is 78 plus 34?,112
What is 1 plus 86?,87
What is 84 plus 2?,86
What is 2 plus 77?,79
What is 21 plus 39?,60
What is 30 plus 50?,80
What is 63 plus 94?,157
What is 46 plus 45?,91
What is 11 plus 74?,85
What is 55 plus 14?,69
What is 89 plus 3?,92
What is 98 plus 22?,120
What is 1 plus 76?,77
What is 68 plus 34?,102
What is 45 plus 94?,139
What is 26 plus 49?,75
What is 25 plus 40?,65
What is 23 plus 22?,45
What is 63 plus 84?,147
What is 19 plus 78?,97
What is 75 plus 64?,139
What is 52 plus 75?,127
What is 80 plus 29?,109
What is 0 plus 6?,6
What is 55 plus 77?,132
What is 4 plus 82?,86
What is 82 plus 82?,164
What is 17 plus 64?,81
What is 10 plus 53?,63
What is 39 plus 42?,81
What is 81 plus 80?,161
What is 79 plus 24?,103
What is 91 plus 7?,98
What is 43 plus 17?,60
What is 40 plus 84?,124
What is 95 plus 35?,130
What is 62 plus 61?,123
What is 77 plus 42?,119
What is 34 plus 82?,116
What is 9 plus 58?,67
What is 96 plus 20?,116
What is 13 plus 65?,78
What is 33 plus 71?,104
What is 91 plus 51?,142
What is 77 plus 57?,134
What is 53 plus 85?,138
What is 20 plus 77?,97
What is 53 plus 98?,151
What is 16 plus 87?,103
What is 84 plus 99?,183
What is 14 plus 74?,88
What is 98 plus 14?,112
What is 23 plus 95?,118
What is 61 plus 37?,98
What is 87 plus 93?,180
What is 12 plus 87?,99
What is 97 plus 54?,151
What is 33 plus 35?,68
What is 14 plus 81?,95
What is 45 plus 65?,110
What is 68 plus 9?,77
What is 1 plus 5?,6
What is 77 plus 1?,78
What is 99 plus 17?,116
What is 15 plus 52?,67
What is 49 plus 61?,110
What is 3 plus 40?,43
What is 80 plus 17?,97
What is 10 plus 89?,99
What is 50 plus 82?,132
What is 74 plus 95?,169
What is 28 plus 6?,34
What is 26 plus 52?,78
What is 3 plus 6?,9
What is 76 plus 51?,127
What is 16 plus 71?,87
What is 93 plus 90?,183
What is 38 plus 52?,90
What is 51 plus 69?,120
What is 7 plus 95?,102
What is 57 plus 69?,126
What is 18 plus 71?,89
What is 16 plus 82?,98
What is 26 plus 75?,101
What is 21 plus 11?,32
What is 73 plus 60?,133
What is 36 plus 34?,70
What is 32 plus 27?,59
What is 51 plus 87?,138
What is 1 plus 81?,82
What is 6 plus 67?,73
What is 99 plus 99?,198
What is 8 plus 1?,9
What is 81 plus 36?,117
What is 19 plus 98?,117
What is 18 plus 97?,115
What is 64 plus 17?,81
What is 14 plus 42?,56
What is 0 plus 94?,94
What is 41 plus 18?,59
What is 42 plus 74?,116
What is 96 plus 8?,104
What is 11 plus 47?,58
What is 26 plus 32?,58
What is 57 plus 42?,99
What is 87 plus 62?,149
What is 60 plus 68?,128
What is 67 plus 10?,77
What is 10 plus 40?,50
What is 56 plus 49?,105
What is 99 plus 51?,150
What is 69 plus 61?,130
What is 70 plus 54?,124
What is 66 plus 9?,75
What is 28 plus 18?,46
What is 82 plus 51?,133
What is 65 plus 40?,105
What is 18 plus 9?,27
What is 18 plus 19?,37
What is 4 plus 49?,53
What is 82 plus 72?,154
What is 14 plus 85?,99
What is 8 plus 67?,75
What is 34 plus 72?,106
What is 38 plus 45?,83
What is 85 plus 93?,178
What is 61 plus 51?,112
What is 75 plus 40?,115
What is 95 plus 85?,180
What is 79 plus 59?,138
What is 65 plus 44?,109
What is 29 plus 99?,128
What is 64 plus 4?,68
What is 92 plus 49?,141
What is 46 plus 43?,89
What is 65 plus 0?,65
What is 31 plus 73?,104
What is 9 plus 60?,69
What is 14 plus 47?,61
What is 55 plus 98?,153
What is 79 plus 31?,110
What is 69 plus 3?,72
What is 66 plus 64?,130
What is 14 plus 5?,19
What is 72 plus 45?,117
What is 5 plus 46?,51
What is 23 plus 43?,66
What is 34 plus 62?,96
What is 61 plus 96?,157
What is 53 plus 0?,53
What is 82 plus 98?,180
What is 30 plus 83?,113
What is 83 plus 61?,144
What is 95 plus 92?,187
What is 44 plus 87?,131
What is 92 plus 20?,112
What is 5 plus 97?,102
What is 94 plus 61?,155
What is 67 plus 84?,151
What is 21 plus 49?,70
What is 89 plus 36?,125
What is 87 plus 74?,161
What is 61 plus 27?,88
What is 3 plus 90?,93
What is 58 plus 79?,137
What is 76 plus 85?,161
What is 22 plus 78?,100
What is 56 plus 40?,96
What is 74 plus 41?,115
What is 55 plus 72?,127
What is 98 plus 80?,178
What is 18 plus 65?,83
What is 54 plus 50?,104
What is 30 plus 47?,77
What is 48 plus 37?,85
What is 30 plus 27?,57
What is 32 plus 30?,62
What is 68 plus 75?,143
What is 47 plus 58?,105
What is 30 plus 76?,106
What is 43 plus 79?,122
What is 81 plus 18?,99
What is 41 plus 31?,72
What is 18 plus 97?,115
What is 32 plus 70?,102
What is 22 plus 68?,90
What is 90 plus 90?,180
What is 76 plus 14?,90
What is 57 plus 61?,118
What is 26 plus 88?,114
What is 23 plus 76?,99
What is 45 plus 77?,122
What is 31 plus 90?,121
What is 11 plus 69?,80
What is 63 plus 26?,89
What is 37 plus 49?,86
What is 34 plus 65?,99
What is 25 plus 45?,70
What is 52 plus 40?,92
What is 93 plus 2?,95
What is 5 plus 24?,29
What is 25 plus 77?,102
What is 20 plus 71?,91
What is 58 plus 10?,68
What is 32 plus 64?,96
What is 36 plus 88?,124
What is 62 plus 53?,115
What is 40 plus 86?,126
What is 95 plus 89?,184
What is 89 plus 49?,138
What is 6 plus 14?,20
What is 7 plus 42?,49
What is 20 plus 97?,117
What is 34 plus 78?,112
What is 92 plus 71?,163
What is 56 plus 39?,95
What is 70 plus 53?,123
What is 61 plus 47?,108
What is 28 plus 86?,114
What is 11 plus 92?,103
What is 10 plus 80?,90
What is 11 plus 64?,75
What is 2 plus 84?,86
What is 74 plus 65?,139
What is 42 plus 93?,135
What is 76 plus 12?,88
What is 72 plus 30?,102
What is 2 plus 5?,7
What is 12 plus 93?,105
What is 39 plus 11?,50
What is 75 plus 50?,125
What is 90 plus 16?,106
What is 98 plus 73?,171
What is 78 plus 67?,145
What is 25 plus 35?,60
What is 37 plus 20?,57
What is 23 plus 75?,98
What is 28 plus 17?,45
What is 16 plus 29?,45
What is 33 plus 63?,96
What is 38 plus 18?,56
What is 94 plus 78?,172
What is 34 plus 26?,60
What is 10 plus 17?,27
What is 84 plus 52?,136
What is 23 plus 25?,48
What is 75 plus 2?,77
What is 44 plus 68?,112
What is 84 plus 61?,145
What is 86 plus 16?,102
What is 96 plus 94?,190
What is 34 plus 10?,44
What is 92 plus 89?,181
What is 79 plus 88?,167
What is 35 plus 76?,111
What is 94 plus 28?,122
What is 0 plus 18?,18
What is 26 plus 94?,120
What is 73 plus 86?,159
What is 0 plus 53?,53
What is 16 plus 18?,34
What is 62 plus 68?,130
What is 5 plus 64?,69
What is 40 plus 28?,68
What is 85 plus 22?,107
What is 58 plus 40?,98
What is 85 plus 56?,141
What is 29 plus 83?,112
What is 81 plus 93?,174
What is 35 plus 86?,121
What is 90 plus 24?,114
What is 12 plus 44?,56
What is 62 plus 34?,96
What is 45 plus 68?,113
What is 75 plus 36?,111
What is 27 plus 36?,63
What is 70 plus 50?,120
What is 8 plus 22?,30
What is 48 plus 14?,62
What is 75 plus 83?,158
What is 12 plus 66?,78
What is 17 plus 91?,108
What is 58 plus 18?,76
What is 54 plus 33?,87
What is 93 plus 68?,161
What is 24 plus 97?,121
What is 22 plus 94?,116
What is 8 plus 33?,41
What is 56 plus 41?,97
What is 48 plus 65?,113
What is 6 plus 44?,50
What is 49 plus 94?,143
What is 92 plus 49?,141
What is 70 plus 16?,86
What is 98 plus 90?,188
What is 91 plus 69?,160
What is 72 plus 19?,91
What is 83 plus 4?,87
What is 39 plus 78?,117
What is 56 plus 66?,122
What is 97 plus 73?,170
What is 53 plus 26?,79
What is 59 plus 26?,85
What is 50 plus 11?,61
What is 12 plus 68?,80
What is 51 plus 15?,66
What is 64 plus 86?,150
What is 59 plus 95?,154
What is 83 plus 21?,104
What is 4 plus 25?,29
What is 29 plus 30?,59
What is 12 plus 76?,88
What is 48 plus 52?,100
What is 8 plus 70?,78
What is 27 plus 67?,94
What is 25 plus 27?,52
What is 62 plus 11?,73
What is 24 plus 12?,36
What is 65 plus 16?,81
What is 77 plus 24?,101
What is 70 plus 73?,143
What is 66 plus 81?,147
What is 79 plus 55?,134
What is 76 plus 50?,126
What is 82 plus 33?,115
What is 86 plus 60?,146
What is 81 plus 80?,161
What is 77 plus 3?,80
What is 44 plus 44?,88
What is 98 plus 26?,124
What is 89 plus 82?,171
What is 4 plus 25?,29
What is 56 plus 27?,83
What is 66 plus 87?,153
What is 27 plus 0?,27
What is 18 plus 30?,48
What is 58 plus 60?,118
What is 11 plus 77?,88
What is 35 plus 83?,118
What is 37 plus 50?,87
What is 42 plus 94?,136
What is 92 plus 85?,177
What is 91 plus 38?,129
What is 85 plus 11?,96
What is 78 plus 15?,93
What is 63 plus 47?,110
What is 78 plus 79?,157
What is 83 plus 11?,94
What is 29 plus 17?,46
What is 52 plus 30?,82
What is 2 plus 62?,64
What is 36 plus 18?,54
What is 66 plus 81?,147
What is 47 plus 94?,141
What is 86 plus 18?,104
What is 14 plus 65?,79
What is 41 plus 40?,81
What is 87 plus 92?,179
What is 9 plus 46?,55
What is 24 plus 25?,49
What is 37 plus 66?,103
What is 89 plus 54?,143
What is 83 plus 92?,175
What is 94 plus 48?,142
What is 50 plus 4?,54
What is 18 plus 56?,74
What is 9 plus 36?,45
What is 80 plus 84?,164
What is 19 plus 67?,86
What is 24 plus 77?,101
What is 62 plus 44?,106
What is 19 plus 74?,93
What is 19 plus 73?,92
What is 54 plus 33?,87
What is 94 plus 27?,121
What is 14 plus 20?,34
What is 17 plus 56?,73
What is 68 plus 54?,122
What is 22 plus 4?,26
What is 38 plus 96?,134
What is 60 plus 73?,133
What is 10 plus 87?,97
What is 46 plus 82?,128
What is 12 plus 12?,24
What is 63 plus 31?,94
What is 66 plus 5?,71
What is 3 plus 90?,93
What is 87 plus 75?,162
What is 11 plus 59?,70
What is 33 plus 94?,127
What is 74 plus 32?,106
What is 89 plus 71?,160
What is 48 plus 20?,68
What is 30 plus 80?,110
What is 15 plus 86?,101
What is 74 plus 93?,167
What is 99 plus 66?,165
What is 20 plus 63?,83
What is 83 plus 80?,163
What is 31 plus 1?,32
What is 28 plus 18?,46
What is 90 plus 76?,166
What is 86 plus 98?,184
What is 18 plus 81?,99
What is 19 plus 97?,116
What is 75 plus 79?,154
What is 22 plus 8?,30
What is 13 plus 35?,48
What is 12 plus 34?,46
What is 79 plus 59?,138
What is 73 plus 99?,172
What is 33 plus 74?,107
What is 53 plus 5?,58
What is 90 plus 9?,99
What is 18 plus 57?,75
What is 7 plus 44?,51
What is 42 plus 32?,74
What is 81 plus 52?,133
What is 49 plus 2?,51
What is 37 plus 83?,120
What is 30 plus 27?,57
What is 99 plus 11?,110
What is 75 plus 92?,167
What is 18 plus 31?,49
What is 66 plus 27?,93
What is 57 plus 40?,97
What is 1 plus 97?,98
What is 32 plus 53?,85
What is 74 plus 66?,140
What is 70 plus 16?,86
What is 90 plus 42?,132
What is 91 plus 72?,163
What is 83 plus 68?,151
What is 49 plus 25?,74
What is 38 plus 12?,50
What is 56 plus 83?,139
What is 81 plus 34?,115
What is 30 plus 82?,112
What is 33 plus 99?,132
What is 39 plus 10?,49
What is 47 plus 18?,65
What is 57 plus 3?,60
What is 49 plus 82?,131
What is 57 plus 6?,63
What is 80 plus 99?,179
What is 98 plus 36?,134
What is 65 plus 79?,144
What is 98 plus 54?,152
What is 59 plus 78?,137
What is 72 plus 95?,167
What is 66 plus 24?,90
What is 20 plus 0?,20
What is 34 plus 13?,47
What is 49 plus 90?,139
What is 32 plus 25?,57
What is 62 plus 60?,122
What is 33 plus 65?,98
What is 51 plus 16?,67
What is 77 plus 63?,140
What is 34 plus 22?,56
What is 88 plus 1?,89
